{"0": {"t": 0.0, "A": NaN, "P": 1.0, "B": Infinity, "S": 0.09998687570031739, "M": -0.004701981776935812}, "1": {"t": 0.002777777777777778, "A": 0.0002380534151695617, "P": 0.0025987070495195547, "B": 1.7769017212840394, "S": 0.1, "M": 0.0}, "2": {"t": 0.013888888888888888, "A": 1.822789139989109e-17, "P": -0.22499647216209534, "B": 2.2598927102502997, "S": 0.1, "M": 0.0}, "3": {"t": 0.03333333333333333, "A": 1.767430171963362e-17, "P": -0.22608937708107607, "B": 1.2652549070812882, "S": 0.19547126209903384, "M": 0.02112775165618411}, "4": {"t": 0.05277777777777778, "A": 7.917527643470692e-17, "P": -0.18286004719563687, "B": 1.1458409898329522, "S": 0.25012586333366627, "M": 0.03334611377367568}, "5": {"t": 0.13055555555555556, "A": 0.0, "P": -0.18802579319051083, "B": 0.7908803273413151, "S": 0.41235561465259124, "M": 0.07055756283864653}, "6": {"t": 0.20555555555555555, "A": 8.626122734671076e-06, "P": -0.08120400072115112, "B": 0.6833366619304594, "S": 0.5555590000975785, "M": 0.1352084334268463}, "7": {"t": 0.4722222222222222, "A": 0.0, "P": -0.3576667369238991, "B": 0.48354430309083885, "S": 0.9623996914960782, "M": -0.1442136846963071}, "8": {"t": 0.7222222222222222, "A": 9.320958338651183e-07, "P": -0.3457034895045942, "B": 0.39524443112234187, "S": 1.16713246287083, "M": -0.189662032435061}, "9": {"t": 0.975, "A": 0.0, "P": -0.9317004793575597, "B": 2.1238096415074263, "S": 0.573696402150245, "M": -1.3671433058637807}}