{"1": {"t": 0.002777777777777778, "A": 9.3247344813253e-17, "P": -0.22688961173217506, "B": 2.0502033401590065, "S": 0.1, "M": 0.0}, "2": {"t": 0.016666666666666666, "A": 1.9918080193189456e-17, "P": -0.16840363583189452, "B": 2.202884925843656, "S": 0.10001473577363999, "M": 3.841338742091173e-06}, "3": {"t": 0.03611111111111111, "A": 5.005392398074422e-17, "P": -0.16165394390505206, "B": 1.2921769536866967, "S": 0.1890102378707415, "M": 0.02924852939211925}, "4": {"t": 0.05555555555555555, "A": -5.1745046271685226e-17, "P": -0.08289871540716255, "B": 1.1006330750724054, "S": 0.23990997689543214, "M": 0.05840057667563839}, "5": {"t": 0.11388888888888889, "A": -4.908979419121728e-17, "P": -0.1535859755372822, "B": 0.8546395279776093, "S": 0.3732925058710104, "M": 0.05543963349129518}, "6": {"t": 0.18888888888888888, "A": -9.436302921461594e-17, "P": -0.1661827998520527, "B": 0.6981701423819242, "S": 0.5123419704520015, "M": 0.07909290349284187}, "7": {"t": 0.45555555555555555, "A": 4.182706070234877e-17, "P": -0.5482466263657505, "B": 0.5500405935764983, "S": 0.8558172322789775, "M": -0.3210339038250011}, "8": {"t": 0.7055555555555556, "A": 6.36587852739639e-07, "P": -0.4372832389719149, "B": 0.38491292444229247, "S": 1.2017795685471646, "M": -0.31823522789780523}, "9": {"t": 0.9583333333333334, "A": 0.0, "P": -0.37074734895237427, "B": 0.26348800155532737, "S": 1.7819855608880797, "M": -0.44307903281720584}}