{"2": {"t": 0.022222222222222223, "A": 2.7444797756222427e-17, "P": -0.24932131495469498, "B": 1.9389865880321053, "S": 0.14949557368037955, "M": 0.009074416623117651}, "3": {"t": 0.041666666666666664, "A": -3.4597623664761202e-18, "P": -0.1450183773097512, "B": 1.3130062249938417, "S": 0.23506403535048861, "M": 0.027682598849372783}, "4": {"t": 0.06111111111111111, "A": 8.663138786746463e-17, "P": -0.13371505110214604, "B": 1.0473727479618462, "S": 0.30905859397576674, "M": 0.05530467574039246}, "5": {"t": 0.13888888888888887, "A": 6.113327090630786e-17, "P": -0.22250656028563962, "B": 0.7393281416743909, "S": 0.5205532340994277, "M": 0.0320022851404392}, "6": {"t": 0.21388888888888888, "A": 5.1384861700056045e-17, "P": -0.1940856199849411, "B": 0.653125543992697, "S": 0.6412734084434486, "M": 0.03919665002873442}, "7": {"t": 0.48055555555555557, "A": 1.770081721403453e-06, "P": -0.6247655231707953, "B": 0.6538306615316214, "S": 0.8848101810817017, "M": -0.5433122008189412}, "8": {"t": 0.7305555555555555, "A": 2.790766575164472e-07, "P": -0.4784292892425403, "B": 0.44204989381946186, "S": 1.1768279933204366, "M": -0.47847813705324466}, "9": {"t": 0.9833333333333333, "A": -6.445022726626058e-17, "P": -0.3994574162472077, "B": 0.2907703296387452, "S": 1.722518098027043, "M": -0.5478001537435329}}