{"0": {"t": 0.005555555555555556, "A": 0.00751378803084557, "P": -0.6717310760811137, "B": 4.31501153436042, "S": 0.0999790770474273, "M": -1.2081491495198485e-05}, "1": {"t": 0.008333333333333333, "A": 0.0027274381464104137, "P": -0.3611810531310369, "B": 3.9514131312829908, "S": 0.09998139996408266, "M": -4.656468923953057e-06}, "2": {"t": 0.025, "A": 6.794369955234277e-18, "P": -0.17521830501849275, "B": 2.556927750756864, "S": 0.16130806252856908, "M": 0.028300780535806792}, "3": {"t": 0.04444444444444444, "A": 3.1901309946304102e-18, "P": -0.20893178074874072, "B": 1.9031806473414752, "S": 0.2253796066047757, "M": 0.029705171707185254}, "4": {"t": 0.06388888888888888, "A": -7.196684069231848e-17, "P": -0.1838349107335521, "B": 1.531736749768378, "S": 0.2840849338800677, "M": 0.045784845845756116}, "5": {"t": 0.15833333333333333, "A": 1.105128346799759e-16, "P": -0.17002256066854113, "B": 0.9037978146825164, "S": 0.4803527570484083, "M": 0.045889406926688255}, "6": {"t": 0.2361111111111111, "A": 5.664867943004976e-06, "P": -0.04960043826075618, "B": 0.6950832689349238, "S": 0.5993038356400711, "M": 0.1332659853296413}, "7": {"t": 0.3111111111111111, "A": 3.5779266475300515e-06, "P": 0.05932303286701811, "B": 0.6318395955300498, "S": 0.6787043341254142, "M": 0.20574463150537275}, "8": {"t": 0.5777777777777777, "A": 2.398710921253368e-07, "P": -0.1548628909027985, "B": 0.42413030597459767, "S": 1.0394853917642257, "M": 0.08336605221960307}, "9": {"t": 0.8277777777777777, "A": 1.074111289691549e-06, "P": -0.514298299456503, "B": 0.36464566086942396, "S": 1.3952576066717204, "M": -0.4984016189317749}}